Name,Surname,Phone,Mail,Adress
Andriy,Zopin,0981002122,andriy_zopin@gmail.com,Kreschatik/26/122
Andriy,Zopin,0981002122,andriy_zopin@gmail.com,Kreschatik/26/122
Sergey,Naumchick,+380937689759,Sergey_naumchick@ukr.net
Anna,Ershova,+380555552233,anna_ershova@ukr.net
Sere,Nimer,0444140127,SereNimer@i.ua
Nikolas,Zabluda,+38023543366,Zabluda_Nikolas@gmail.com
Maxim,Madd,+3805030203322,Madd_Maxim@ukr.net
Sara,Conor,+2333322222,Sara_Conor@i.ua
Karina,Pogodskaja,+38050502030,Anna_Pogodskaya@ukr.net
Natalia,Mechnikova,+380955224534,Mechnokova_Natalia@gmail.com
Sergey,GuBlEv,+38050232323,
Sergey,Zabuldiga,+32288838,serge_zabuldiga@ukr.net
Kirill,Mamedov,+380955556677,mamedov@gmail.com
Inna,Gubleva,+380505040505,inna@gmail.com
Kolya,Neptun,+213123213213,neptun@ukr.net
Vladimir,Solncev,+380937665546,solncev@gmail.com
Anna,Milnikova,+38094455546,anna@gmail.com
Sergey,Nikolas,+380954554664,neptis@gmail.com
Anna,Faraon,+380937655534,anna@i.ua
